kunde_code,name,vorname,firma,plz,ort,land
1,Meyer,Ferdinand,,58285,Gevelsberg,Deutschland
2,Neumann,Ruby,,07548,Gera,Deutschland
3,Kaiser,Franz,,23845,Grabau,Deutschland
4,Günther,Alva,,78199,Bräunlingen,Deutschland
5,Hofmann,Katharina,,97647,Sondheim v.d.Rhön,Deutschland
6,Weber,Ludwig,,23749,Grube,Deutschland
7,Schulz,Jayden,,99198,Udestedt,Deutschland
8,Wolf,Till,,88527,Unlingen,Deutschland
9,Hahn,Luisa,Hahn Luisa Ltd.,76835,Weyher in der Pfalz,Deutschland
10,Herrmann,Michael,,49610,Quakenbrück,Deutschland
11,Jung,Hedi,,04610,Meuselwitz,Deutschland
12,Schwarz,Nora,,19258,Gallin,Deutschland
13,Keller,Marvin,,21698,Bargstedt,Deutschland
14,Walter,Miriam,,83454,Anger,Deutschland
15,Weiß,Mathilda,,71067,Sindelfingen,Deutschland
16,Huber,Aria,,67271,Neuleiningen,Deutschland
17,Weber,Mats,,19370,Parchim,Deutschland
18,Neumann,Pia,,95173,Schönwald,Deutschland
19,König,Zoey,,64404,Bickenbach,Deutschland
20,Hahn,Jannes,,88361,Eichstegen,Deutschland
21,Krause,Maria,Krause Maria e. V.,65451,Kelsterbach,Deutschland
22,Huber,Marleen,,66809,Nalbach,Deutschland
23,Keller,Elise,,24409,Stoltebüll,Deutschland
24,Keller,Pauline,,55432,Damscheid,Deutschland
25,Schulz,Frieda,Schulz Frieda e. V.,55234,Erbes-Büdesheim,Deutschland
26,Richter,Celina,,98663,Westhausen,Deutschland
27,Kaiser,Thalia,,76831,Göcklingen,Deutschland
28,König,Joris,,29693,Walsrode,Deutschland
29,Jung,Timo,,01762,Hartmannsdorf-Reichenau,Deutschland
30,Hahn,Lio,,99831,Creuzburg,Deutschland
31,Meier,Nele,,78467,Konstanz,Deutschland
32,Winkler,Liana,,31553,Sachsenhagen,Deutschland
33,Hoffmann,Julia,,67744,Lohnweiler,Deutschland
34,Fuchs,Annika,,19303,Vielank,Deutschland
35,Frank,Heidi,,99096,Erfurt,Deutschland
36,Huber,Lorenz,,25335,Altenmoor,Deutschland
37,Braun,Nick,,74743,Seckach,Deutschland
38,Weber,Chiara,Weber Chiara GbR,56348,Bornich,Deutschland
39,Hahn,Aurelia,,58300,Wetter (Ruhr),Deutschland
40,Möller,Josephine,,89344,Aislingen,Deutschland
41,Schneider,Alicia,,15848,Friedland,Deutschland
42,Schubert,Evelyn,,63543,Neuberg,Deutschland
43,Zimmermann,Ronja,,49828,Neuenhaus,Deutschland
44,König,Max,,21279,Appel,Deutschland
45,Bauer,Celine,,25485,Bilsen,Deutschland
46,Möller,Lorena,,08541,Neuensalz,Deutschland
47,Hahn,Benjamin,,33659,Bielefeld,Deutschland
48,Günther,Thea,,56414,Hundsangen,Deutschland
49,Keller,Elisabeth,,01936,Neukirch,Deutschland
50,Schulze,Freya,,07616,Petersberg,Deutschland
51,Schneider,Toni,,18209,Steffenshagen,Deutschland
52,Kaiser,Maik,,02627,Weißenberg - Wóspork,Deutschland
53,Winkler,Maria,,56204,Hillscheid,Deutschland
54,Braun,Melia,,31623,Drakenburg,Deutschland
55,Scholz,Gabriel,,18196,Dummerstorf,Deutschland
56,Maier,Eddy,,48308,Senden,Deutschland
57,Schröder,Thore,,88422,Oggelshausen,Deutschland
58,Bauer,Thore,,55491,Büchenbeuren,Deutschland
59,Meier,Valeria,,56244,Freirachdorf,Deutschland
60,Schäfer,Oliver,,29565,Wriedel,Deutschland
61,Kaiser,Valeria,,56132,Dausenau,Deutschland
62,Schwarz,Mina,,86980,Ingenried,Deutschland
63,Fischer,Mara,,03238,Finsterwalde,Deutschland
64,Fuchs,Theo,,53547,Breitscheid,Deutschland
65,Möller,Tyler,,24107,Quarnbek,Deutschland
66,Kaiser,Niklas,,61273,Friedrichsdorf,Deutschland
67,Krüger,Oskar,,54340,Bekond,Deutschland
68,Walter,Moritz,,96178,Pommersfelden,Deutschland
69,Schmidt,Theresa,,12059,Berlin,Deutschland
70,Schulze,Mika,Schulze Mika e. V.,31621,Pennigsehl,Deutschland
71,Schwarz,Larissa,,06642,Nebra (Unstrut),Deutschland
72,Bauer,Ole,Bauer Ole KG,45701,Herten,Deutschland
73,Weber,Nathan,Weber Nathan GmbH,19217,Schlagsdorf,Deutschland
74,Lehmann,Lennard,,72461,Albstadt,Deutschland
75,Keller,Linda,,18465,Tribsees,Deutschland
76,Müller,Mara,,06420,Könnern,Deutschland
77,Schmitt,Juna,,47608,Geldern,Deutschland
78,Schröder,Lasse,,75180,Pforzheim,Deutschland
79,Zimmermann,Lionel,,02979,Elsterheide - Halštrowska Hola,Deutschland
80,Schmitz,Florian,,56323,Rhens,Deutschland
81,Krause,Thomas,,67829,Schmittweiler,Deutschland
82,Keller,Lana,,54636,Ließem,Deutschland
83,Herrmann,Michael,,93326,Abensberg,Deutschland
84,Schubert,Nick,Schubert Nick GbR,54533,Oberscheidweiler,Deutschland
85,Schäfer,Julian,,86674,Baar,Deutschland
86,Schröder,Tilda,,91245,Simmelsdorf,Deutschland
87,Frank,Flora,,57632,Seifen,Deutschland
88,Schäfer,Rosalie,,97286,Winterhausen,Deutschland
89,Schulz,Johanna,,22391,Hamburg,Deutschland
90,Meyer,Jonathan,,99955,Herbsleben,Deutschland
91,Schäfer,Philipp,,74248,Ellhofen,Deutschland
92,Klein,Diana,Klein Diana GmbH,55278,Dolgesheim,Deutschland
93,König,Nina,,01936,Schwepnitz,Deutschland
94,Schneider,Lorenz,,98669,Veilsdorf,Deutschland
95,Winkler,Heidi,,25795,Stelle-Wittenwurth,Deutschland
96,Schwarz,Annabell,,25572,Aebtissinwisch,Deutschland
97,Weber,Elena,,18258,Schwaan,Deutschland
98,Hoffmann,Flora,,92557,Weiding,Deutschland
99,Hahn,Lena,,74731,Eichenbühl,Deutschland
100,Köhler,Jonte,,29356,Bröckel,Deutschland
101,Richter,Samira,,01936,Schwepnitz,Deutschland
102,Lang,Jannes,,44369,Dortmund,Deutschland
103,Lang,Zoey,,72813,St. Johann,Deutschland
104,Weiß,Till,,99518,Rannstedt,Deutschland
105,Schulze,Lotta,,29565,Wriedel,Deutschland
106,Mayer,Malou,,23774,Heiligenhafen,Deutschland
107,Frank,Luise,,98587,Schmalkalden,Deutschland
108,Schröder,Adrian,,06774,Muldestausee,Deutschland
109,Krüger,Rosalie,,54636,Hamm,Deutschland
110,Mayer,Noah,,56814,Illerich,Deutschland
111,Richter,Samuel,,04567,Kitzscher,Deutschland
112,Weber,Julie,,50374,Erftstadt,Deutschland
113,Hofmann,Aria,,99735,Werther,Deutschland
114,Kaiser,Tobias,,33729,Bielefeld,Deutschland
115,Vogel,Josephine,,95145,Oberkotzau,Deutschland
116,Fuchs,Linnea,,48712,Gescher,Deutschland
117,Schubert,Sebastian,,56457,Hergenroth,Deutschland
118,Koch,Lisa,,28865,Lilienthal,Deutschland
119,Schneider,Malou,,18586,Lancken-Granitz,Deutschland
120,Jung,Rosalie,,15378,Rüdersdorf bei Berlin,Deutschland
121,Herrmann,Melody,,02689,Sohland an der Spree,Deutschland
122,Hofmann,Friedrich,,17094,Holldorf,Deutschland
123,Schäfer,Sina,,96328,Küps,Deutschland
124,Vogel,Lilly,,21266,Jesteburg,Deutschland
125,König,Felicitas,,09380,Thalheim/Erzgebirge,Deutschland
126,Herrmann,Erik,,19399,Techentin,Deutschland
127,Hartmann,Adam,,70378,Stuttgart,Deutschland
128,Berger,Levi,,35083,Wetter,Deutschland
129,Maier,Aiden,,29690,Grethem,Deutschland
130,Keller,Paul,,44789,Bochum,Deutschland
131,Schmid,Paul,,07768,Kleineutersdorf,Deutschland
132,Schmidt,Noemi,,34414,Warburg,Deutschland
133,Schwarz,Aria,,35614,Aßlar,Deutschland
134,Meier,Jonte,,56729,Welschenbach,Deutschland
135,Zimmermann,Hermine,,50259,Pulheim,Deutschland
136,Hartmann,Alessio,,94377,Steinach,Deutschland
137,Schmid,Maik,,71735,Eberdingen,Deutschland
138,Schubert,Valerie,,82418,Seehausen am Staffelsee,Deutschland
139,Krüger,Lenn,Krüger Lenn e. V.,31688,Nienstädt,Deutschland
140,Schulze,Damian,,56424,Moschheim,Deutschland
141,Koch,Leonie,,06556,Reinsdorf,Deutschland
142,Jung,Manuel,,99438,Troistedt,Deutschland
143,Hartmann,Rebecca,,94357,Konzell,Deutschland
144,Lehmann,Antonia,,53426,Schalkenbach,Deutschland
145,Köhler,Thalia,,67063,Ludwigshafen am Rhein,Deutschland
146,Berger,Luca,,34246,Vellmar,Deutschland
147,Keller,Emilian,,44866,Bochum,Deutschland
148,Günther,Marlon,Günther Marlon Ltd.,55481,Womrath,Deutschland
149,Hartmann,Jannis,,56357,Eschbach,Deutschland
150,Schulz,Johanna,,15738,Zeuthen,Deutschland
151,Weber,Emilian,,90429,Nürnberg,Deutschland
152,Günther,Tyler,,37620,Halle,Deutschland
153,Meier,Lennox,,95698,Neualbenreuth,Deutschland
154,Lang,Flora,,54552,Schalkenmehren,Deutschland
155,Huber,Charlie,,67361,Freisbach,Deutschland
156,Vogel,Emir,,40699,Erkrath,Deutschland
157,Winkler,Vanessa,,17498,Dargelin,Deutschland
158,Schulze,Oskar,,31699,Beckedorf,Deutschland
159,Krause,Aaliyah,,09437,Gornau/Erzgebirge,Deutschland
160,König,Bennet,,97261,Güntersleben,Deutschland
161,Winkler,Stella,,55743,Hintertiefenbach,Deutschland
162,Bauer,Alicia,,38828,Wegeleben,Deutschland
163,Krüger,Josephine,,73037,Heiningen,Deutschland
164,Peters,Aaron,,25782,Gaushorn,Deutschland
165,Schulze,Lana,,23898,Sandesneben,Deutschland
166,Schubert,Emil,,54317,Sommerau,Deutschland
167,Weiß,Emilian,,15749,Mittenwalde,Deutschland
168,Neumann,Nela,,77966,Kappel-Grafenhausen,Deutschland
169,Fischer,Mattis,,35469,Allendorf (Lumda),Deutschland
170,Hahn,Alessia,,01996,Senftenberg,Deutschland
171,Weiß,Benedikt,,20149,Hamburg,Deutschland
172,Herrmann,Jason,,42277,Wuppertal,Deutschland
173,Günther,Bastian,,01619,Zeithain,Deutschland
174,Kaiser,Nele,,49824,Emlichheim,Deutschland
175,Müller,Elsa,Müller Elsa GmbH & Co. KG,57629,Norken,Deutschland
176,Lehmann,Carla,,01612,Nünchritz,Deutschland
177,Becker,Oliver,,03103,Neu-Seeland,Deutschland
178,Meier,Adrian,,17166,Groß Roge,Deutschland
179,Schäfer,Ariana,,45138,Essen,Deutschland
180,Richter,Emily,,78253,Eigeltingen,Deutschland
181,Hofmann,Robin,,57612,Racksen,Deutschland
182,Schneider,Alea,Schneider Alea e. V.,99718,Clingen,Deutschland
183,Lehmann,Colin,,07955,Auma-Weidatal,Deutschland
184,Hofmann,Leonard,,07381,Bodelwitz,Deutschland
185,Müller,Lene,,80689,München,Deutschland
186,Hofmann,Jasmin,,99189,Haßleben,Deutschland
187,Schwarz,Malou,,24251,Osdorf,Deutschland
188,Krüger,Aria,,92253,Schnaittenbach,Deutschland
189,Meier,Henry,,47509,Rheurdt,Deutschland
190,König,Silas,,56242,Ellenhausen,Deutschland
191,Berger,Lorena,,34125,Kassel,Deutschland
192,Müller,Leano,,56729,Hirten,Deutschland
193,Schulz,Alexandra,,71032,Böblingen,Deutschland
194,Schwarz,Artur,,73642,Welzheim,Deutschland
195,Meyer,Luna,,02979,Spreetal - Sprjewiny Doł,Deutschland
196,Schmitt,Lukas,,56206,Hilgert,Deutschland
197,Schwarz,Lian,,19370,Parchim,Deutschland
198,König,Leonie,,19357,Dambeck,Deutschland
199,Winkler,Anton,,84367,Reut,Deutschland
200,Schäfer,Christian,,87547,Missen-Wilhams,Deutschland
201,Hahn,Amy,,49832,Freren,Deutschland
202,Huber,Melody,,77960,Seelbach,Deutschland
203,Schröder,Amira,Schröder Amira KG,22952,Lütjensee,Deutschland
204,Zimmermann,Anastasia,,23795,Schwissel,Deutschland
205,Vogel,Bennet,,53498,Waldorf,Deutschland
206,Wagner,Rosalie,,23946,Klütz,Deutschland
207,Wolf,Malik,,66484,Battweiler,Deutschland
208,Schmitz,Johann,,65558,Balduinstein,Deutschland
209,Wagner,Leni,,08352,Raschau-Markersbach,Deutschland
210,Schmitz,Svea,,56368,Berghausen,Deutschland
211,Scholz,Smilla,,66693,Mettlach,Deutschland
212,Lang,Jana,,47506,Neukirchen-Vluyn,Deutschland
213,Bauer,Tim,,57334,Bad Laasphe,Deutschland
214,Frank,Ylvie,,23847,Düchelsdorf,Deutschland
215,Mayer,Linda,,24247,Mielkendorf,Deutschland
216,Hartmann,Liam,,67240,Bobenheim-Roxheim,Deutschland
217,Müller,Leon,,21107,Hamburg,Deutschland
218,Müller,Fiete,,91629,Weihenzell,Deutschland
219,Schulz,Piet,,31553,Auhagen,Deutschland
220,Bauer,Josephine,,88299,Leutkirch im Allgäu,Deutschland
221,Meyer,Miran,,56370,Kördorf,Deutschland
222,Möller,Lian,,17121,Sassen-Trantow,Deutschland
223,Klein,Lea,,56244,Niedersayn,Deutschland
224,Fischer,Erik,,38368,Rennau,Deutschland
225,Peters,Julian,,24619,Rendswühren,Deutschland
226,Jung,Carolina,,07549,Gera,Deutschland
227,Schmitt,Philipp,,83126,Flintsbach am Inn,Deutschland
228,Günther,Luan,,91605,Gallmersgarten,Deutschland
229,Müller,Leni,,83553,Frauenneuharting,Deutschland
230,Berger,Joris,,06796,Sandersdorf-Brehna,Deutschland
231,Fischer,Ali,,06842,Dessau-Roßlau,Deutschland
232,Werner,Josef,,86830,Schwabmünchen,Deutschland
233,Günther,Luis,,27419,Sittensen,Deutschland
234,Weiß,Amelia,,66914,Waldmohr,Deutschland
235,Fischer,Flora,,17248,Rechlin,Deutschland
236,Jung,Lilly,,97078,Würzburg,Deutschland
237,Lehmann,Lionel,,79252,Stegen,Deutschland
238,Scholz,Willi,,19294,Bresegard bei Eldena,Deutschland
239,Schmitz,Richard,,24395,Nieby,Deutschland
240,Mayer,Josef,,88353,Kißlegg,Deutschland
241,Kaiser,Anna,,54614,Winringen,Deutschland
242,Köhler,Hermine,,91793,Alesheim,Deutschland
243,Krause,Leni,,32760,Detmold,Deutschland
244,Wagner,Tabea,Wagner Tabea GmbH & Co. KG,93096,Köfering,Deutschland
245,Krause,Leo,,98724,Lauscha,Deutschland
246,Meyer,Lucy,,04610,Meuselwitz,Deutschland
247,Zimmermann,Lisa,,96361,Steinbach am Wald,Deutschland
248,Schmitz,Fritz,,69239,Neckarsteinach,Deutschland
249,Maier,Mathea,,14943,Luckenwalde,Deutschland
250,Günther,Mila,,76831,Impflingen,Deutschland
251,Lange,Oliver,,23743,Grömitz,Deutschland
252,Winkler,Tilda,,25594,Nutteln,Deutschland
253,Mayer,Maik,,21745,Hemmoor,Deutschland
254,Krüger,Lea,,87494,Rückholz,Deutschland
255,Schmidt,Nina,,85084,Reichertshofen,Deutschland
256,Weiß,Fiete,,27243,Groß Ippener,Deutschland
257,Krause,Bella,,57614,Wahlrod,Deutschland
258,Zimmermann,Mohammed,,65582,Aull,Deutschland
259,Winkler,Lorena,,91355,Hiltpoltstein,Deutschland
260,Lange,Matti,,56357,Ruppertshofen,Deutschland
261,Köhler,Katharina,,42477,Radevormwald,Deutschland
262,Vogel,Thomas,,77974,Meißenheim,Deutschland
263,Berger,Jonas,,97950,Großrinderfeld,Deutschland
264,Meier,Mariella,,59423,Unna,Deutschland
265,Werner,Konrad,,55491,Büchenbeuren,Deutschland
266,Hartmann,Christian,,91598,Colmberg,Deutschland
267,Fischer,Lia,,36280,Oberaula,Deutschland
268,Weiß,Bruno,,75045,Walzbachtal,Deutschland
269,Schäfer,Antonia,Schäfer Antonia Ltd.,06712,Kretzschau,Deutschland
270,Schäfer,Frieda,,55234,Erbes-Büdesheim,Deutschland
271,Schwarz,Theodor,,55777,Fohren-Linden,Deutschland
272,Meyer,Paulina,Meyer Paulina e. V.,94336,Windberg,Deutschland
273,Wagner,Marlene,,03253,Doberlug-Kirchhain,Deutschland
274,Lange,Artur,Lange Artur Ltd.,88605,Sauldorf,Deutschland
275,Walter,Lion,,55127,Mainz,Deutschland
276,Meyer,Azra,,91367,Weißenohe,Deutschland
277,Friedrich,Jette,,33154,Salzkotten,Deutschland
278,Schulze,Milena,,54316,Lampaden,Deutschland
279,Braun,Pepe,Braun Pepe Ltd.,85391,Allershausen,Deutschland
280,Werner,Lotta,,24598,Heidmühlen,Deutschland
281,Meier,Ole,,44145,Dortmund,Deutschland
282,Müller,Noel,,83670,Bad Heilbrunn,Deutschland
283,Weber,Melina,,37299,Weißenborn,Deutschland
284,Krause,Henrik,,67294,Rittersheim,Deutschland
285,Berger,Aurora,,85649,Brunnthal,Deutschland
286,Hartmann,Charlie,,97294,Unterpleichfeld,Deutschland
287,Fischer,Frieda,,99947,Bad Langensalza,Deutschland
288,Hahn,Malia,,16225,Eberswalde,Deutschland
289,Meyer,Alice,,25852,Bordelum,Deutschland
290,Schmid,Lisa,,72525,Münsingen,Deutschland
291,Winkler,Mona,,89344,Aislingen,Deutschland
292,Herrmann,Mats,,89194,Schnürpflingen,Deutschland
293,Günther,Carlotta,,38476,Barwedel,Deutschland
294,Neumann,Kian,,80634,München,Deutschland
295,Peters,Lennox,,97892,Kreuzwertheim,Deutschland
296,Kaiser,Rosalie,,63791,Karlstein am Main,Deutschland
297,Schröder,Noel,,48480,Lünne,Deutschland
298,Schwarz,Lion,,37318,Wahlhausen,Deutschland
299,Klein,Kian,Klein Kian GmbH,87459,Pfronten,Deutschland
300,Hahn,Ludwig,,91338,Igensdorf,Deutschland
301,Lange,Lotte,Lange Lotte GmbH & Co. KG,54340,Köwerich,Deutschland
302,Hofmann,Hilda,,15537,Erkner,Deutschland
303,Richter,Vivien,,67706,Linden,Deutschland
304,Keller,Sarah,,78655,Dunningen,Deutschland
305,Kaiser,Marina,,60326,Frankfurt am Main,Deutschland
306,Hartmann,Elisa,Hartmann Elisa Ltd.,39343,Ingersleben,Deutschland
307,Fuchs,Robin,,63825,Blankenbach,Deutschland
308,Fischer,Lias,,94533,Buchhofen,Deutschland
309,Lang,Toni,,72072,Tübingen,Deutschland
310,Schulze,Richard,,35630,Ehringshausen,Deutschland
311,Lehmann,Alva,,94501,Haarbach,Deutschland
312,Scholz,Lana,,83727,Schliersee,Deutschland
313,Schwarz,Enna,,22765,Hamburg,Deutschland
314,Schneider,Simon,,64850,Schaafheim,Deutschland
315,Peters,Justus,,85456,Wartenberg,Deutschland
316,Müller,Svea,,04931,Bad Liebenwerda,Deutschland
317,Schwarz,Toni,,56729,Nitz,Deutschland
318,Hofmann,Evelyn,,38373,Frellstedt,Deutschland
319,Fischer,Hannah,,25813,Südermarsch,Deutschland
320,Friedrich,Pia,,79359,Riegel,Deutschland
321,Braun,Tim,,27751,Delmenhorst,Deutschland
322,König,Adam,,85084,Reichertshofen,Deutschland
323,Mayer,Adrian,,73095,Albershausen,Deutschland
324,Weber,Kian,Weber Kian e. V.,56767,Ueß,Deutschland
325,Peters,Svea,,55629,Weitersborn,Deutschland
326,Walter,Lenn,,72820,Sonnenbühl,Deutschland
327,Schmid,Lars,,24899,Wohlde,Deutschland
328,Klein,Maik,Klein Maik GmbH & Co. KG,33014,Bad Driburg,Deutschland
329,Winkler,Levi,,93476,Blaibach,Deutschland
330,Fuchs,Samuel,,54673,Keppeshausen,Deutschland
331,Krüger,Merle,,70794,Filderstadt,Deutschland
332,Schmitz,Maila,,25923,Lexgaard,Deutschland
333,Bauer,Philipp,,79539,Lörrach,Deutschland
334,Hartmann,Helena,,07774,Dornburg-Camburg,Deutschland
335,Schulz,Lennox,,83555,Gars am Inn,Deutschland
336,Krause,Franziska,,37308,Sickerode,Deutschland
337,Köhler,Marleen,,58769,Nachrodt-Wiblingwerde,Deutschland
338,Schwarz,Elin,,82281,Egenhofen,Deutschland
339,Wolf,Jayden,,99089,Erfurt,Deutschland
340,Werner,Emily,,45889,Gelsenkirchen,Deutschland
341,Möller,Lara,,77784,Oberharmersbach,Deutschland
342,Becker,Frederik,,17034,Neubrandenburg,Deutschland
343,Kaiser,Miriam,,59929,Brilon,Deutschland
344,Hahn,Alessio,,99869,Hörsel,Deutschland
345,Günther,Tabea,,59075,Hamm,Deutschland
346,Kaiser,Celina,,48147,Münster,Deutschland
347,Köhler,Anni,,67596,Frettenheim,Deutschland
348,Möller,Elin,,56479,Liebenscheid,Deutschland
349,Schneider,Elian,,95448,Bayreuth,Deutschland
350,Krause,Maila,,94369,Rain,Deutschland
351,Hoffmann,Erik,,94560,Offenberg,Deutschland
352,Kaiser,Valentina,,37318,Dietzenrode/Vatterode,Deutschland
353,Schulz,Christian,,07589,Lederhose,Deutschland
354,Krüger,Marvin,Krüger Marvin e. V.,98597,Breitungen/Werra,Deutschland
355,Becker,Lynn,,19205,Dragun,Deutschland
356,Meyer,Zoe,,02763,Mittelherwigsdorf,Deutschland
357,Schneider,Aylin,,14612,Falkensee,Deutschland
358,Braun,Lian,,73061,Ebersbach an der Fils,Deutschland
359,Schröder,Henry,,18276,Lohmen,Deutschland
360,Lang,Aylin,,25938,Oldsum,Deutschland
361,König,Michael,,23701,Süsel,Deutschland
362,Neumann,Oliver,,76437,Rastatt,Deutschland
363,Wagner,Freya,,36318,Schwalmtal,Deutschland
364,Schmid,Stella,,55469,Pleizenhausen,Deutschland
365,Möller,Thilo,,07751,Jena,Deutschland
366,Herrmann,Lion,,31157,Sarstedt,Deutschland
367,Köhler,Milana,,56412,Ruppach-Goldhausen,Deutschland
368,Neumann,Amelia,,19303,Dömitz,Deutschland
369,Bauer,Ida,,50389,Wesseling,Deutschland
370,Winkler,Valentin,,37249,Neu-Eichenberg,Deutschland
371,Walter,Paulina,,23619,Hamberge,Deutschland
372,Müller,Felix,,06118,Halle (Saale),Deutschland
373,Möller,Alice,,96176,Pfarrweisach,Deutschland
374,Schneider,Elif,,18507,Grimmen,Deutschland
375,Walter,Jolina,,67304,Eisenberg (Pfalz),Deutschland
376,Hofmann,Ferdinand,,17166,Dahmen,Deutschland
377,Jung,Miran,,95199,Thierstein,Deutschland
378,Schmitz,Magdalena,,82276,Adelshofen,Deutschland
379,Mayer,Leo,,25581,Poyenberg,Deutschland
380,Schmid,Linnea,,69121,Heidelberg,Deutschland
381,Klein,Veronika,,93474,Arrach,Deutschland
382,Frank,Malik,,82194,Gröbenzell,Deutschland
383,Hahn,Annabell,,39240,Calbe (Saale),Deutschland
384,Keller,Heidi,,36404,Oechsen,Deutschland
385,Mayer,Paula,,14641,Wustermark,Deutschland
386,Lehmann,Nils,,07950,Weißendorf,Deutschland
387,Walter,Thea,,85104,Pförring,Deutschland
388,Hahn,Lara,Hahn Lara GmbH,23972,Metelsdorf,Deutschland
389,Kaiser,Lena,,35396,Gießen,Deutschland
390,Klein,Malte,,38259,Salzgitter,Deutschland
391,Hahn,Leano,,54636,Echtershausen,Deutschland
392,Wolf,Zoe,,06268,Steigra,Deutschland
393,Hahn,Liliana,,93051,Regensburg,Deutschland
394,Schmitz,Ali,,94560,Offenberg,Deutschland
395,Lange,Niklas,,97656,Oberelsbach,Deutschland
396,Kaiser,Malina,,97846,Partenstein,Deutschland
397,Möller,Aaron,,23996,Bobitz,Deutschland
398,Lange,Olivia,,53809,Ruppichteroth,Deutschland
399,Zimmermann,Milo,,94551,Hunding,Deutschland
400,Schneider,Niklas,,56459,Rotenhain,Deutschland
401,Hoffmann,Valentin,,24848,Klein Rheide,Deutschland
402,Werner,Elise,,55767,Gollenberg,Deutschland
403,Jung,Celina,,13349,Berlin,Deutschland
404,Kaiser,Jannis,,17209,Zislow,Deutschland
405,Schwarz,Carlo,Schwarz Carlo GmbH,93426,Roding,Deutschland
406,Friedrich,Luise,,49134,Wallenhorst,Deutschland
407,Wagner,Johanna,Wagner Johanna GbR,92660,Neustadt an der Waldnaab,Deutschland
408,Frank,Alexandra,,97437,Haßfurt,Deutschland
409,Günther,Manuel,,97852,Schollbrunn,Deutschland
410,Huber,Benno,Huber Benno KG,56589,Datzeroth,Deutschland
411,Koch,Melina,,25767,Albersdorf,Deutschland
412,Kaiser,Ariana,,87734,Benningen,Deutschland
413,Braun,Mathea,,25767,Offenbüttel,Deutschland
414,Weiß,Liam,,38327,Remlingen-Semmenstedt,Deutschland
415,Hahn,Mika,,17390,Murchin,Deutschland
416,Schäfer,Johanna,,54558,Winkel (Eifel),Deutschland
417,Richter,Svea,,66887,Elzweiler,Deutschland
418,Schröder,Alexander,,02906,Mücka - Mikow,Deutschland
419,Krause,Ilyas,,67821,Oberndorf,Deutschland
420,Jung,Alea,,15746,Groß Köris,Deutschland
421,Lange,Aurelia,,63683,Ortenberg,Deutschland
422,Fischer,Toni,,73655,Urbach,Deutschland
423,Neumann,Freya,,56594,Willroth,Deutschland
424,Becker,Noah,,13127,Berlin,Deutschland
425,Kaiser,Antonia,,22527,Hamburg,Deutschland
426,Huber,Daria,,81549,München,Deutschland
427,Keller,Helena,,13158,Berlin,Deutschland
428,Zimmermann,Jonathan,,45326,Essen,Deutschland
429,Krüger,Lara,,74925,Epfenbach,Deutschland
430,Hoffmann,Olivia,,30519,Hannover,Deutschland
431,König,Lynn,,01609,Röderaue,Deutschland
432,Frank,Hailey,,99826,Lauterbach,Deutschland
433,Schäfer,Maila,,29640,Schneverdingen,Deutschland
434,Weber,Lias,,71636,Ludwigsburg,Deutschland
435,Wagner,Olivia,,56253,Treis-Karden,Deutschland
436,Weiß,Leni,,56864,Bad Bertrich,Deutschland
437,Schwarz,Elisabeth,,96188,Stettfeld,Deutschland
438,Bauer,Evelyn,,15713,Königs Wusterhausen,Deutschland
439,Schmitz,Aaliyah,,24161,Altenholz,Deutschland
440,Kaiser,Valerie,,65399,Kiedrich,Deutschland
441,Wagner,Chiara,,23795,Schwissel,Deutschland
442,Meier,Lukas,,06647,Bad Bibra,Deutschland
443,Koch,Maximilian,,63834,Sulzbach am Main,Deutschland
444,Schubert,Phil,,54552,Neichen,Deutschland
445,Möller,Marla,,01471,Radeburg,Deutschland
446,Mayer,Tessa,,18196,Dummerstorf,Deutschland
447,Günther,Johannes,,51688,Wipperfürth,Deutschland
448,Frank,Luisa,,41542,Dormagen,Deutschland
449,Neumann,Johann,,12053,Berlin,Deutschland
450,König,Frederik,,53533,Antweiler,Deutschland
451,Jung,Clea,,01896,Lichtenberg,Deutschland
452,Wolf,Isabella,,95515,Plankenfels,Deutschland
453,Fuchs,Martha,,97271,Kleinrinderfeld,Deutschland
454,Hoffmann,Lotte,,01877,Schmölln-Putzkau,Deutschland
455,Frank,Ida,,94107,Untergriesbach,Deutschland
456,Lang,Valerie,,55765,Ellweiler,Deutschland
457,Schwarz,Anni,,25554,Landrecht,Deutschland
458,Neumann,Amilia,,67823,Unkenbach,Deutschland
459,Schulz,Finja,Schulz Finja GmbH,19294,Neu Kaliß,Deutschland
460,Wagner,Magdalena,,56271,Roßbach,Deutschland
461,Schwarz,Hugo,,67819,Kriegsfeld,Deutschland
462,Schmid,Daria,Schmid Daria Ltd.,48720,Rosendahl,Deutschland
463,Schmid,Milana,Schmid Milana e. V.,34599,Neuental,Deutschland
464,Mayer,Matteo,,34385,Bad Karlshafen,Deutschland
465,König,Nick,,15517,Fürstenwalde/Spree,Deutschland
466,Schubert,Lars,,54441,Schoden,Deutschland
467,Richter,Livia,,99636,Rastenberg,Deutschland
468,Schwarz,Artur,Schwarz Artur Ltd.,55288,Armsheim,Deutschland
469,Jung,Mila,,82223,Eichenau,Deutschland
470,Schäfer,Zoe,,56814,Faid,Deutschland
471,Hahn,Elsa,,95482,Gefrees,Deutschland
472,Neumann,Celina,,83349,Palling,Deutschland
473,Zimmermann,Matthias,,66869,Blaubach,Deutschland
474,Neumann,Annalena,,94447,Plattling,Deutschland
475,Hoffmann,Luana,,84431,Heldenstein,Deutschland
476,Werner,Carla,,20257,Hamburg,Deutschland
477,Klein,Valeria,,49777,Klein Berßen,Deutschland
478,Lehmann,Clea,,59939,Olsberg,Deutschland
479,Lehmann,Vincent,,74420,Oberrot,Deutschland
480,Braun,Christian,,70619,Stuttgart,Deutschland
481,Maier,Leonie,,12527,Berlin,Deutschland
482,Winkler,Emilian,,04288,Leipzig,Deutschland
483,Schäfer,Lia,,99441,Kiliansroda,Deutschland
484,Hartmann,Malina,,64689,Grasellenbach,Deutschland
485,Richter,Erik,,28359,Bremen,Deutschland
486,Schmitz,Valeria,,27252,Schwaförden,Deutschland
487,Maier,Cataleya,,55483,Lautzenhausen,Deutschland
488,Peters,Gustav,Peters Gustav Ltd.,56865,Moritzheim,Deutschland
489,Fuchs,Malia,,55296,Gau-Bischofsheim,Deutschland
490,Huber,Josephine,,64297,Darmstadt,Deutschland
491,Weiß,Samuel,,21739,Dollern,Deutschland
492,Braun,Jolina,,23970,Benz,Deutschland
493,Lange,Noel,,37619,Hehlen,Deutschland
494,Friedrich,Pauline,,54340,Naurath (Eifel),Deutschland
495,Schulz,Zoe,,17291,Göritz,Deutschland
496,Vogel,Antonia,,42349,Wuppertal,Deutschland
497,Jung,Eddy,,99441,Mellingen,Deutschland
498,Vogel,Friedrich,,56858,Grenderich,Deutschland
499,Schubert,Leonardo,,56598,Hammerstein,Deutschland
500,Fischer,Clea,,56322,Spay,Deutschland
501,Neumann,Alessia,,24857,Fahrdorf,Deutschland
502,Hahn,Vincent,,91726,Gerolfingen,Deutschland
503,König,Jolina,,65556,Limburg a. d. Lahn,Deutschland
504,Berger,Leonie,,21035,Hamburg,Deutschland
505,Berger,Emilia,,29313,Hambühren,Deutschland
506,Schmidt,Fiete,,56379,Laurenburg,Deutschland
507,Hartmann,Lilly,,25926,Bramstedtlund,Deutschland
508,Richter,Henriette,,92648,Vohenstrauß,Deutschland
509,Maier,Damian,,59909,Bestwig,Deutschland
510,Lehmann,Aylin,Lehmann Aylin e. V.,42897,Remscheid,Deutschland
511,Vogel,Pepe,,54673,Plascheid,Deutschland
512,Schröder,Luis,,01904,Neukirch/Lausitz,Deutschland
513,Schneider,Thomas,,79350,Sexau,Deutschland
514,Krüger,Diana,,74722,Buchen (Odenwald),Deutschland
515,Schäfer,Milan,,87776,Sontheim,Deutschland
516,Lange,Sam,,63762,Großostheim,Deutschland
517,Meyer,Tom,,19065,Gneven,Deutschland
518,Lange,Hermine,,21256,Handeloh,Deutschland
519,Jung,Elias,,24326,Dörnick,Deutschland
520,Frank,Toni,,10789,Berlin,Deutschland
521,Friedrich,Svea,,56357,Eschbach,Deutschland
522,Klein,Franziska,,31675,Bückeburg,Deutschland
523,Schmitz,Jakob,,22946,Trittau,Deutschland
524,Schulz,Linnea,,23923,Schönberg,Deutschland
525,Koch,Celine,,31028,Gronau,Deutschland
526,Scholz,Alea,,67294,Ilbesheim,Deutschland
527,Jung,Annabell,Jung Annabell Ltd.,25840,Südermarsch,Deutschland
528,Lange,John,,16845,Neustadt (Dosse),Deutschland
529,Braun,John,,63741,Aschaffenburg,Deutschland
530,Schmitt,Leon,,07586,Bad Köstritz,Deutschland
531,Lehmann,Franz,,67718,Schmalenberg,Deutschland
532,Werner,Florian,,59581,Warstein,Deutschland
533,König,Alexander,,27318,Hoya,Deutschland
534,Schneider,Amina,,55288,Schornsheim,Deutschland
535,Lehmann,Benno,,74535,Mainhardt,Deutschland
536,Lehmann,Florian,,07907,Plothen,Deutschland
537,Winkler,Mohammed,,37276,Meinhard,Deutschland
538,Schulz,Lasse,,53539,Reimerath,Deutschland
539,Schmid,Pia,,88518,Herbertingen,Deutschland
540,Scholz,Finn,,99765,Görsbach,Deutschland
541,Lange,Eva,Lange Eva e. V.,20146,Hamburg,Deutschland
542,Herrmann,Milla,,21371,Tosterglope,Deutschland
543,Schröder,Elian,,86505,Münsterhausen,Deutschland
544,Schröder,Ava,,67735,Mehlbach,Deutschland
545,Wolf,Zoey,,58708,Menden,Deutschland
546,Becker,Franziska,,23744,Schönwalde am Bungsberg,Deutschland
547,Klein,Michel,,56332,Niederfell,Deutschland
548,Schmid,Jonathan,,70439,Stuttgart,Deutschland
549,Becker,Till,,75334,Straubenhardt,Deutschland
550,Schmid,Niklas,,48301,Nottuln,Deutschland
551,Herrmann,Timo,,01307,Dresden,Deutschland
552,Zimmermann,Elisabeth,,34127,Kassel,Deutschland
553,Maier,Mira,,07639,Tautenhain,Deutschland
554,Lange,Mona,,94372,Rattiszell,Deutschland
555,Möller,Noel,,86690,Mertingen,Deutschland
556,Schmitz,Lara,,29229,Celle,Deutschland
557,Schmitz,Ruby,Schmitz Ruby Ltd.,55624,Schwerbach,Deutschland
558,Müller,Elia,,74081,Heilbronn,Deutschland
559,Schubert,Amalia,,02681,Wilthen,Deutschland
560,Lang,Lotte,,53520,Hümmel,Deutschland
561,Mayer,Jonas,,95448,Bayreuth,Deutschland
562,Schneider,Sina,,12047,Berlin,Deutschland
563,Frank,Liam,,82110,Germering,Deutschland
564,Bauer,Lennard,,15566,Schöneiche bei Berlin,Deutschland
565,Fischer,Flora,,03119,Welzow,Deutschland
566,Schäfer,Carla,,07907,Tegau,Deutschland
567,Koch,Fabian,,24235,Wendtorf,Deutschland
568,Scholz,Lara,,74906,Bad Rappenau,Deutschland
569,Schwarz,Theodor,Schwarz Theodor GmbH & Co. KG,73453,Abtsgmünd,Deutschland
570,Vogel,Liliana,,54331,Oberbillig,Deutschland
571,Berger,Veronika,,34125,Kassel,Deutschland
572,Meyer,Enna,,22885,Barsbüttel,Deutschland
573,Hartmann,Lorenz,,95119,Naila,Deutschland
574,Schubert,Aria,,56767,Kaperich,Deutschland
575,Meyer,Luan,,95152,Selbitz,Deutschland
576,Werner,Hailey,Werner Hailey GmbH & Co. KG,23626,Ratekau,Deutschland
577,Mayer,Helena,,25724,Schmedeswurth,Deutschland
578,Müller,Svea,,86498,Kettershausen,Deutschland
579,Friedrich,Eddy,,88339,Bad Waldsee,Deutschland
580,Wagner,Carolin,,67822,Gaugrehweiler,Deutschland
581,Scholz,Erik,,86700,Otting,Deutschland
582,Weber,Leonard,,55234,Nack,Deutschland
583,Koch,Fiete,,18233,Carinerland,Deutschland
584,Schmitt,Jannik,,89075,Ulm,Deutschland
585,Fischer,Amelie,,29355,Beedenbostel,Deutschland
586,Schröder,Hendrik,,56477,Rennerod,Deutschland
587,Schulze,Rebecca,,92543,Guteneck,Deutschland
588,Kaiser,Arne,,56379,Winden,Deutschland
589,Peters,Joris,,58553,Halver,Deutschland
590,Bauer,Malou,,07429,Döschnitz,Deutschland
591,Koch,Amalia,,29690,Essel,Deutschland
592,Scholz,Franziska,,17168,Thürkow,Deutschland
593,Schubert,Mariella,,07389,Gössitz,Deutschland
594,Lange,Melia,,55546,Volxheim,Deutschland
595,Bauer,Till,,98634,Kaltennordheim,Deutschland
596,Schneider,Liana,,38553,Wasbüttel,Deutschland
597,Meier,Eva,,25581,Poyenberg,Deutschland
598,Schwarz,Vincent,,30890,Barsinghausen,Deutschland
599,Schmidt,Mats,,82386,Oberhausen,Deutschland
600,Meyer,Tilda,,99092,Erfurt,Deutschland
601,Schwarz,Marlene,,09623,Rechenberg-Bienenmühle,Deutschland
602,Hoffmann,Edda,,99759,Großlohra,Deutschland
603,Hahn,Leonardo,,24803,Erfde,Deutschland
604,Müller,Nela,,95469,Speichersdorf,Deutschland
605,Weiß,Anastasia,,53547,Hausen (Wied),Deutschland
606,Wagner,Michelle,,39112,Magdeburg,Deutschland
607,Kaiser,Kira,,98553,Schleusingen,Deutschland
608,Bauer,Marlon,,24793,Bargstedt,Deutschland
609,Krause,David,,15377,Oberbarnim,Deutschland
610,Krause,Valentin,,31515,Wunstorf,Deutschland
611,Bauer,Lotte,,25899,Dagebüll,Deutschland
612,Weber,Tilda,,84562,Mettenheim,Deutschland
613,Krüger,Felix,Krüger Felix e. V.,67742,Homberg,Deutschland
614,Krause,Nathan,,83313,Siegsdorf,Deutschland
615,Klein,Heidi,Klein Heidi Ltd.,37176,Nörten-Hardenberg,Deutschland
616,Schulz,Freya,,80802,München,Deutschland
617,Krüger,Niklas,,07907,Schleiz,Deutschland
618,Schwarz,Alessia,,44379,Dortmund,Deutschland
619,Werner,Philipp,,06449,Giersleben,Deutschland
620,Krause,Jannes,Krause Jannes KG,56077,Koblenz,Deutschland
621,Jung,Diana,,55481,Lindenschied,Deutschland
622,Krause,Artur,,40223,Düsseldorf,Deutschland
623,Peters,Fiete,,07751,Zöllnitz,Deutschland
624,Lange,Lana,,73568,Durlangen,Deutschland
625,Krüger,Nick,,56424,Mogendorf,Deutschland
626,Zimmermann,Malik,,55776,Frauenberg,Deutschland
627,Köhler,Hugo,,97532,Üchtelhausen,Deutschland
628,Müller,Elisabeth,Müller Elisabeth Ltd.,84513,Töging a.Inn,Deutschland
629,Jung,Dean,,81829,München,Deutschland
630,Werner,Lorenz,,53539,Gelenberg,Deutschland
631,Scholz,Julius,,56729,Kirchwald,Deutschland
632,Werner,Luke,,25719,Barlt,Deutschland
633,Richter,Linda,,21442,Toppenstedt,Deutschland
634,Hofmann,Greta,,67354,Römerberg,Deutschland
635,Wagner,Marlon,,38828,Wegeleben,Deutschland
636,Krüger,Luke,,40597,Düsseldorf,Deutschland
637,Hofmann,Damian,,58540,Meinerzhagen,Deutschland
638,Schäfer,Konrad,,02799,Großschönau,Deutschland
639,Klein,Hedi,,37293,Herleshausen,Deutschland
640,Frank,Felix,,92355,Velburg,Deutschland
641,Neumann,Hannes,,55566,Meddersheim,Deutschland
642,Köhler,Frederik,,78594,Gunningen,Deutschland
643,Lehmann,Ruby,,55576,Zotzenheim,Deutschland
644,Lehmann,Luan,,24894,Twedt,Deutschland
645,Herrmann,Larissa,,53520,Winnerath,Deutschland
646,Lehmann,Fiona,,24306,Wittmoldt,Deutschland
647,Hahn,Benno,,21493,Talkau,Deutschland
648,Winkler,Celina,,55627,Weiler bei Monzingen,Deutschland
649,Fuchs,Paula,,57638,Neitersen,Deutschland
650,Hartmann,Friedrich,,18184,Thulendorf,Deutschland
651,Günther,Damian,,24857,Borgwedel,Deutschland
652,Lang,Melia,,56412,Boden,Deutschland
653,Schröder,Mara,,25774,Karolinenkoog,Deutschland
654,Mayer,Melissa,,74842,Billigheim,Deutschland
655,Berger,Sofia,,97239,Aub,Deutschland
656,Schmid,Marie,,01169,Dresden,Deutschland
657,Richter,Daniel,,86920,Denklingen,Deutschland
658,Peters,Lynn,,07751,Rothenstein,Deutschland
659,Schwarz,Jakob,,88441,Mittelbiberach,Deutschland
660,Klein,Milo,,36452,Kaltennordheim,Deutschland
661,Schulz,Mira,,09471,Königswalde,Deutschland
662,Krüger,Liana,,56290,Lütz,Deutschland
663,Friedrich,Thomas,,56648,Saffig,Deutschland
664,Peters,Arne,,54426,Breit,Deutschland
665,Berger,Anastasia,,68642,Bürstadt,Deutschland
666,Walter,Elisa,,99439,Am Ettersberg,Deutschland
667,Kaiser,Alice,,68165,Mannheim,Deutschland
668,Winkler,Jan,Winkler Jan e. V.,95339,Neuenmarkt,Deutschland
669,Hoffmann,Fabian,,55129,Mainz,Deutschland
670,Schulz,Mia,,55595,Winterbach,Deutschland
671,Schulze,Nela,,37351,Dingelstädt,Deutschland
672,König,Levin,,91469,Hagenbüchach,Deutschland
673,Wagner,Elli,,19300,Grabow,Deutschland
674,Walter,Veronika,,02694,Malschwitz - Malešecy,Deutschland
675,Hoffmann,Amilia,,10625,Berlin,Deutschland
676,Schäfer,Tobias,,25364,Bokel,Deutschland
677,Becker,Aylin,,01945,Hohenbocka,Deutschland
678,Klein,Amina,,02779,Hainewalde,Deutschland
679,Krause,Luis,,17179,Finkenthal,Deutschland
680,Klein,Sebastian,,04938,Uebigau-Wahrenbrück,Deutschland
681,Günther,Mara,,56593,Obersteinebach,Deutschland
682,Schulze,Toni,,67482,Altdorf,Deutschland
683,Neumann,Sophie,,35285,Gemünden,Deutschland
684,Meier,Elli,,56859,Bullay,Deutschland
685,Fischer,Mira,,56825,Urschmitt,Deutschland
686,Schwarz,Silas,,54570,Densborn,Deutschland
687,Müller,Sina,,87549,Rettenberg,Deutschland
688,Wolf,Hermine,,99735,Kleinfurra,Deutschland
689,Krüger,Henrik,Krüger Henrik GmbH,38170,Vahlberg,Deutschland
690,Krüger,Celine,,66453,Gersheim,Deutschland
691,Schmidt,Marlon,,55471,Wüschheim,Deutschland
692,Hoffmann,Aaron,,97261,Güntersleben,Deutschland
693,Schwarz,Rosa,,04758,Cavertitz,Deutschland
694,Weiß,Nela,,93494,Waffenbrunn,Deutschland
695,Richter,Thomas,Richter Thomas GmbH & Co. KG,78579,Neuhausen ob Eck,Deutschland
696,Friedrich,Willi,Friedrich Willi e. V.,76831,Billigheim-Ingenheim,Deutschland
697,Möller,Jonathan,,51580,Reichshof,Deutschland
698,Meier,Zoe,,93098,Mintraching,Deutschland
699,Fuchs,Lina,,23738,Beschendorf,Deutschland
700,Fuchs,Leano,,07973,Greiz,Deutschland
701,Bauer,Emil,,66482,Zweibrücken,Deutschland
702,Fuchs,Lotta,,87435,Kempten (Allgäu),Deutschland
703,Lang,Jannis,,85635,Höhenkirchen-Siegertsbrunn,Deutschland
704,Hahn,Jannik,,79183,Waldkirch,Deutschland
705,Peters,Tessa,,99958,Großvargula,Deutschland
706,Meyer,Frederik,,72469,Meßstetten,Deutschland
707,Hofmann,Victoria,,37318,Schachtebich,Deutschland
708,Schulz,Leonard,,86949,Windach,Deutschland
709,Krause,Jannik,,76229,Karlsruhe,Deutschland
710,Schmitz,Marleen,,72459,Albstadt,Deutschland
711,Schmidt,Adam,,86488,Breitenthal,Deutschland
712,Mayer,Ferdinand,,53518,Quiddelbach,Deutschland
713,Wagner,Nathan,,89520,Heidenheim an der Brenz,Deutschland
714,Maier,Elisabeth,,49832,Messingen,Deutschland
715,Krüger,Elise,,47803,Krefeld,Deutschland
716,Becker,Emilia,,72669,Unterensingen,Deutschland
717,Zimmermann,Michel,,04275,Leipzig,Deutschland
718,Frank,Aylin,,02627,Radibor - Radwor,Deutschland
719,Weber,Lion,,18569,Ummanz,Deutschland
720,Braun,Lana,,23795,Klein Rönnau,Deutschland
721,Meyer,Josef,,03116,Drebkau,Deutschland
722,Weber,Ylvie,,21493,Basthorst,Deutschland
723,Lang,Veronika,,77654,Offenburg,Deutschland
724,Richter,Daria,,29328,Faßberg,Deutschland
725,Scholz,Anton,,08239,Falkenstein/Vogtland,Deutschland
726,Lehmann,Rebecca,,28870,Ottersberg,Deutschland
727,Richter,Nele,,56291,Maisborn,Deutschland
728,Lehmann,Jaron,,59174,Kamen,Deutschland
729,Kaiser,Alva,,01896,Lichtenberg,Deutschland
730,Bauer,Hannes,,56283,Gondershausen,Deutschland
731,Wagner,Dominic,,18516,Süderholz,Deutschland
732,Krause,Luis,,68649,Groß-Rohrheim,Deutschland
733,Maier,Lisa,Maier Lisa GmbH & Co. KG,25792,Strübbel,Deutschland
734,Koch,Olivia,Koch Olivia e. V.,29588,Oetzen,Deutschland
735,Mayer,Magdalena,,25782,Schrum,Deutschland
736,Werner,Justus,,56132,Frücht,Deutschland
737,Köhler,Melina,,55442,Roth,Deutschland
738,Schmid,Alma,,88361,Boms,Deutschland
739,Schröder,Tilda,,24211,Postfeld,Deutschland
740,Zimmermann,Tom,,64823,Groß-Umstadt,Deutschland
741,Wolf,Joshua,,17168,Jördenstorf,Deutschland
742,Mayer,Jannis,,54518,Arenrath,Deutschland
743,Schmitt,Milena,,25358,Sommerland,Deutschland
744,Möller,Nora,,55624,Bollenbach,Deutschland
745,Krause,Simon,,81479,München,Deutschland
746,Krause,Simon,Krause Simon KG,21439,Marxen,Deutschland
747,Walter,Maxim,,76297,Stutensee,Deutschland
748,Schwarz,Elena,,41812,Erkelenz,Deutschland
749,Mayer,Matthias,,53520,Meuspath,Deutschland
750,Jung,Joshua,,25924,Friedrich-Wilhelm-Lübke-Koog,Deutschland
751,Lehmann,Luan,Lehmann Luan GmbH,45355,Essen,Deutschland
752,Wolf,Jasmin,,09122,Chemnitz,Deutschland
753,Huber,Lasse,,17192,Klink,Deutschland
754,Schulze,Phil,,94154,Neukirchen vorm Wald,Deutschland
755,Richter,Joris,,17099,Datzetal,Deutschland
756,Becker,Jolina,,37308,Krombach,Deutschland
757,Schäfer,Theodor,,06466,Seeland,Deutschland
758,Klein,Ida,,91093,Heßdorf,Deutschland
759,Koch,Anni,,23758,Oldenburg in Holstein,Deutschland
760,Hahn,Bella,,67294,Stetten,Deutschland
761,Neumann,Moritz,Neumann Moritz KG,87724,Ottobeuren,Deutschland
762,Günther,Jannis,,21379,Echem,Deutschland
763,Hofmann,Celine,Hofmann Celine GbR,54649,Manderscheid,Deutschland
764,Möller,Mina,,02906,Mücka - Mikow,Deutschland
765,Keller,Alisa,,55627,Merxheim,Deutschland
766,König,Elian,,96106,Ebern,Deutschland
767,Schmid,Adam,,75239,Eisingen,Deutschland
768,Zimmermann,Flora,,21769,Hollnseth,Deutschland
769,Maier,Tilda,,37649,Heinsen,Deutschland
770,Braun,Luis,,02689,Sohland an der Spree,Deutschland
771,Meyer,Lea,,55767,Oberbrombach,Deutschland
772,Jung,Emir,,53520,Reifferscheid,Deutschland
773,Peters,Clara,,39307,Genthin,Deutschland
774,Berger,Mats,,91171,Greding,Deutschland
775,Schmitt,Valentina,,54636,Biersdorf am See,Deutschland
776,Scholz,Oskar,,17506,Bandelin,Deutschland
777,Meier,Aiden,,55597,Wöllstein,Deutschland
778,Scholz,Hailey,,24366,Loose,Deutschland
779,Müller,Pia,,21726,Oldendorf,Deutschland
780,Kaiser,Friedrich,,56479,Elsoff (Westerwald),Deutschland
781,Bauer,Emily,,97291,Thüngersheim,Deutschland
782,Lehmann,Olivia,,58769,Nachrodt-Wiblingwerde,Deutschland
783,Meyer,Clara,,26897,Esterwegen,Deutschland
784,Schmidt,Lena,,84092,Bayerbach b. Ergoldsbach,Deutschland
785,König,Alexandra,,48341,Altenberge,Deutschland
786,Wolf,Lena,,54347,Neumagen-Dhron,Deutschland
787,König,Bennet,,54574,Birresborn,Deutschland
788,Bauer,Rosa,,99887,Petriroda,Deutschland
789,Schulz,Arne,,09634,Reinsberg,Deutschland
790,Fischer,Annalena,,56459,Rothenbach,Deutschland
791,Schröder,Lukas,,26676,Barßel,Deutschland
792,Peters,Leni,Peters Leni e. V.,56477,Nister-Möhrendorf,Deutschland
793,Keller,Annika,,17291,Prenzlau,Deutschland
794,Fischer,Alice,,86507,Kleinaitingen,Deutschland
795,Hahn,Thalia,,28777,Bremen,Deutschland
796,Wagner,Daria,,07980,Berga/Elster,Deutschland
797,Weber,Leopold,,23936,Stepenitztal,Deutschland
798,Koch,Thalia,,55481,Ober Kostenz,Deutschland
799,Hoffmann,Lias,,86682,Genderkingen,Deutschland
800,Schröder,Milla,,76889,Oberschlettenbach,Deutschland
801,Wagner,Justus,,54612,Nimshuscheid,Deutschland
802,Wolf,Joshua,,08340,Schwarzenberg/Erzgebirge,Deutschland
803,Günther,Elias,,56761,Hauroth,Deutschland
804,Hartmann,Eddy,,76889,Pleisweiler-Oberhofen,Deutschland
805,Weiß,Nico,,24975,Maasbüll,Deutschland
806,König,Clea,,24354,Rieseby,Deutschland
807,Hofmann,Elli,Hofmann Elli GmbH & Co. KG,55758,Dickesbach,Deutschland
808,Lang,Finja,,67134,Birkenheide,Deutschland
809,Weber,Hugo,,34355,Kassel,Deutschland
810,Meyer,Isabell,,99444,Blankenhain,Deutschland
811,Schröder,Lion,,17091,Wolde,Deutschland
812,Vogel,Anna,,27412,Breddorf,Deutschland
813,Schulze,Mika,,80637,München,Deutschland
814,Maier,Milo,Maier Milo KG,88356,Ostrach,Deutschland
815,Frank,Amina,,22885,Barsbüttel,Deutschland
816,Braun,Paula,,24241,Schierensee,Deutschland
817,Meier,Melissa,,47199,Duisburg,Deutschland
818,Schulze,Mariella,,24401,Böel,Deutschland
819,Friedrich,Paulina,,56244,Hartenfels,Deutschland
820,Müller,Thilo,,56865,Walhausen,Deutschland
821,Schulz,Linnea,,87659,Hopferau,Deutschland
822,Peters,Frederik,,21772,Stinstedt,Deutschland
823,Berger,Emilio,,47906,Kempen,Deutschland
824,Schubert,Bruno,,54314,Vierherrenborn,Deutschland
825,Maier,Mats,,80796,München,Deutschland
826,Walter,Sarah,,37136,Ebergötzen,Deutschland
827,Meier,Emily,Meier Emily e. V.,90552,Röthenbach an der Pegnitz,Deutschland
828,Wagner,Neo,,13589,Berlin,Deutschland
829,Winkler,Justus,,55776,Reichenbach,Deutschland
830,Schulze,Linus,,08496,Neumark,Deutschland
831,Frank,Valentina,,49179,Ostercappeln,Deutschland
832,Günther,Jule,,54668,Schankweiler,Deutschland
833,Friedrich,Emir,,56370,Attenhausen,Deutschland
834,Schneider,Michael,,21640,Bliedersdorf,Deutschland
835,Koch,Linnea,,86507,Kleinaitingen,Deutschland
836,Krüger,Alina,,53547,Bad Hönningen,Deutschland
837,Krüger,Mohammed,,97440,Werneck,Deutschland
838,Wagner,Alma,,54597,Hersdorf,Deutschland
839,Müller,Malina,,23879,Mölln,Deutschland
840,Hahn,Mohammed,,67133,Maxdorf,Deutschland
841,Walter,Anna,,24802,Bokel,Deutschland
842,Zimmermann,Pauline,,97633,Aubstadt,Deutschland
843,Vogel,Aaron,,55608,Hausen,Deutschland
844,Kaiser,Hendrik,,25867,Langeneß,Deutschland
845,Köhler,Liv,,87782,Dirlewang,Deutschland
846,König,Clea,,48163,Münster,Deutschland
847,Hahn,Ferdinand,,71686,Remseck am Neckar,Deutschland
848,Bauer,Linnea,,55459,Grolsheim,Deutschland
849,Neumann,Henrik,,17111,Meesiger,Deutschland
850,Schneider,Noemi,,37085,Göttingen,Deutschland
851,Schmid,Larissa,,46539,Dinslaken,Deutschland
852,Becker,Thalia,,12203,Berlin,Deutschland
853,Hoffmann,Sebastian,,71088,Holzgerlingen,Deutschland
854,Klein,Annika,,22850,Norderstedt,Deutschland
855,Schmidt,Daria,Schmidt Daria e. V.,33649,Bielefeld,Deutschland
856,Friedrich,Theo,Friedrich Theo GbR,47228,Duisburg,Deutschland
857,Schubert,Azra,,25813,Südermarsch,Deutschland
858,Hahn,Johann,,89584,Lauterach,Deutschland
859,Weiß,Tessa,,21614,Buxtehude,Deutschland
860,Köhler,Konrad,,09117,Chemnitz,Deutschland
861,Werner,Jonte,Werner Jonte GmbH & Co. KG,87439,Kempten (Allgäu),Deutschland
862,Schmitz,Michel,,01945,Hermsdorf,Deutschland
863,Bauer,Thea,,92224,Amberg,Deutschland
864,Neumann,Romy,,56244,Ewighausen,Deutschland
865,Wagner,Ava,Wagner Ava KG,67688,Rodenbach,Deutschland
866,Richter,Laura,,57612,Hilgenroth,Deutschland
867,Schulze,Aurora,,12167,Berlin,Deutschland
868,Vogel,Aurora,,59069,Hamm,Deutschland
869,Wagner,Bella,,66909,Hüffler,Deutschland
870,Schmid,Mika,,94339,Leiblfing,Deutschland
871,Friedrich,Artur,,23824,Tensfeld,Deutschland
872,Schulz,Malina,,95100,Selb,Deutschland
873,Krüger,Amina,,25840,Koldenbüttel,Deutschland
874,Hoffmann,Constantin,,50674,Köln,Deutschland
875,Schulze,Nathan,,36088,Hünfeld,Deutschland
876,Frank,Amilia,,09228,Chemnitz,Deutschland
877,Keller,Martha,,48485,Neuenkirchen,Deutschland
878,Bauer,Nela,,57644,Hattert,Deutschland
879,Lange,Emmi,,01623,Lommatzsch,Deutschland
880,Lang,Valeria,,27476,Cuxhaven,Deutschland
881,Berger,Ole,,65462,Ginsheim-Gustavsburg,Deutschland
882,Huber,Paul,,96346,Wallenfels,Deutschland
883,Weiß,Tom,,86179,Augsburg,Deutschland
884,Frank,Malia,,54314,Zerf,Deutschland
885,Müller,Tilda,,50672,Köln,Deutschland
886,Schwarz,Luke,,64401,Groß-Bieberau,Deutschland
887,Schulze,Nela,,56814,Landkern,Deutschland
888,Lang,Joris,,91622,Rügland,Deutschland
889,Mayer,Lilly,,86857,Hurlach,Deutschland
890,Bauer,Freya,,15526,Bad Saarow,Deutschland
891,Maier,Julius,,67756,Hinzweiler,Deutschland
892,Mayer,Tilda,,87782,Unteregg,Deutschland
893,Lange,Bastian,,63863,Eschau,Deutschland
894,Schwarz,Alicia,,06842,Dessau-Roßlau,Deutschland
895,Richter,Vincent,,01744,Dippoldiswalde,Deutschland
896,Hahn,Lana,,37619,Pegestorf,Deutschland
897,König,Aurora,,57629,Luckenbach,Deutschland
898,Schmidt,Aylin,,89174,Altheim (Alb),Deutschland
899,König,Milana,König Milana GmbH,66957,Ruppertsweiler,Deutschland
900,Klein,Jonas,Klein Jonas GmbH & Co. KG,55413,Trechtingshausen,Deutschland
901,Wolf,David,,04769,Mügeln,Deutschland
902,Mayer,Vanessa,,73344,Gruibingen,Deutschland
903,Schneider,Frederik,,19230,Hoort,Deutschland
904,Schulz,Alma,,41236,Mönchengladbach,Deutschland
905,Hoffmann,Miran,,17039,Neddemin,Deutschland
906,Hofmann,Ludwig,,54570,Kalenborn-Scheuern,Deutschland
907,Schneider,Amelie,,94375,Stallwang,Deutschland
908,Meyer,Mathilda,,55270,Sörgenloch,Deutschland
909,Schneider,Finnley,,56579,Hardert,Deutschland
910,Huber,Leana,Huber Leana GbR,74238,Krautheim,Deutschland
911,Berger,Mohammed,,24245,Großbarkau,Deutschland
912,Möller,Lina,,88326,Aulendorf,Deutschland
913,Berger,Helena,,35236,Breidenbach,Deutschland
914,Günther,Jannis,,55767,Rinzenberg,Deutschland
915,Maier,Edda,,56294,Gappenach,Deutschland
916,Lang,Mathea,,17217,Kuckssee,Deutschland
917,Vogel,Amelie,,23898,Kühsen,Deutschland
918,Neumann,Joris,,17291,Schenkenberg,Deutschland
919,Richter,Melissa,,73269,Hochdorf,Deutschland
920,Frank,Rebecca,,39343,Erxleben,Deutschland
921,Hofmann,Felicitas,,80637,München,Deutschland
922,Schmidt,Livia,,94104,Tittling,Deutschland
923,Schneider,Noah,,35112,Fronhausen,Deutschland
924,Köhler,Jaron,,21516,Woltersdorf,Deutschland
925,Köhler,Mia,,31224,Peine,Deutschland
926,Vogel,Amelia,,17121,Sassen-Trantow,Deutschland
927,Hofmann,Tobias,,59821,Arnsberg,Deutschland
928,Braun,Hailey,Braun Hailey GbR,24582,Groß Buchwald,Deutschland
929,Becker,Gabriel,,39393,Völpke,Deutschland
930,Peters,Aurelia,,78564,Wehingen,Deutschland
931,Weber,Freya,,56412,Horbach,Deutschland
932,Schulze,Jannik,Schulze Jannik KG,02906,Waldhufen,Deutschland
933,Weber,Isabell,,94533,Buchhofen,Deutschland
934,Krause,Noah,,07580,Linda b. Weida,Deutschland
935,Neumann,Nico,,56370,Berndroth,Deutschland
936,Scholz,Rebecca,,07616,Rauschwitz,Deutschland
937,Schwarz,Fenja,,07580,Braunichswalde,Deutschland
938,Schneider,Lotte,,93352,Rohr i.NB,Deutschland
939,Weber,Maira,,85665,Moosach,Deutschland
940,Schneider,Lionel,,56729,Nitz,Deutschland
941,Weber,Michel,,18181,Rostock,Deutschland
942,Krause,Nele,,55758,Breitenthal,Deutschland
943,Berger,Carolin,,76835,Gleisweiler,Deutschland
944,Krause,Dominic,,57614,Berod bei Hachenburg,Deutschland
945,Zimmermann,Felicitas,,12055,Berlin,Deutschland
946,König,Ben,König Ben KG,94481,Grafenau,Deutschland
947,Schubert,Johannes,,18292,Hoppenrade,Deutschland
948,Koch,Hailey,,25853,Drelsdorf,Deutschland
949,Schulz,Jannik,,55767,Brücken,Deutschland
950,Schmid,Nele,,78136,Schonach im Schwarzwald,Deutschland
951,Schmidt,Valeria,,75242,Neuhausen,Deutschland
952,Mayer,Tom,Mayer Tom KG,95145,Oberkotzau,Deutschland
953,Weber,Raphael,,47506,Neukirchen-Vluyn,Deutschland
954,Werner,Leila,,56630,Kretz,Deutschland
955,Friedrich,Raphael,,74564,Crailsheim,Deutschland
956,Fischer,Tabea,,76709,Kronau,Deutschland
957,Bauer,Ylvie,,45259,Essen,Deutschland
958,Schulz,Alma,,85467,Neuching,Deutschland
959,Müller,Palina,,96106,Ebern,Deutschland
960,Jung,Hannah,,95488,Eckersdorf,Deutschland
961,Schubert,Marla,,55444,Schöneberg,Deutschland
962,Lange,Flora,,14548,Schwielowsee,Deutschland
963,Krüger,Noel,,33729,Bielefeld,Deutschland
964,Scholz,Emma,,82140,Olching,Deutschland
965,Werner,Rosa,,55590,Meisenheim,Deutschland
966,Hartmann,Lena,,66996,Ludwigswinkel,Deutschland
967,Winkler,Luca,,18442,Pantelitz,Deutschland
968,Kaiser,Lorenz,,56479,Liebenscheid,Deutschland
969,Jung,Miriam,,97717,Aura a.d.Saale,Deutschland
970,Schmitt,Gabriel,,21493,Schretstaken,Deutschland
971,Winkler,Nela,,86698,Oberndorf a.Lech,Deutschland
972,Schulz,Ruby,,78585,Bubsheim,Deutschland
973,König,Alva,,21255,Tostedt,Deutschland
974,Berger,Amy,,23564,Lübeck,Deutschland
975,Hartmann,Elia,Hartmann Elia GbR,79853,Lenzkirch,Deutschland
976,Lange,Finn,,24794,Neu Duvenstedt,Deutschland
977,Kaiser,Carl,,17391,Krien,Deutschland
978,Schmid,Anastasia,,08428,Langenbernsdorf,Deutschland
979,Wolf,Chiara,,19357,Karstädt,Deutschland
980,Meier,David,,49637,Menslage,Deutschland
981,Schäfer,Romy,,45138,Essen,Deutschland
982,Fischer,Silas,,86505,Münsterhausen,Deutschland
983,Vogel,Linda,,25364,Osterhorn,Deutschland
984,Neumann,Emilian,,97204,Höchberg,Deutschland
985,Herrmann,Lynn,Herrmann Lynn e. V.,73347,Mühlhausen im Täle,Deutschland
986,Schröder,Aylin,,35305,Grünberg,Deutschland
987,Herrmann,Tyler,,25779,Kleve,Deutschland
988,Meyer,Lia,,32351,Stemwede,Deutschland
989,Kaiser,Damian,,24992,Süderhackstedt,Deutschland
990,Mayer,Leon,,57580,Fensdorf,Deutschland
991,Werner,Johannes,,07616,Nausnitz,Deutschland
992,Müller,Maira,,72555,Metzingen,Deutschland
993,Günther,Franziska,,25821,Almdorf,Deutschland
994,Jung,Tristan,,88099,Neukirch,Deutschland
995,Weiß,Ylvie,,25560,Schenefeld,Deutschland
996,Kaiser,Laura,,84432,Hohenpolding,Deutschland
997,Lange,Enno,Lange Enno Ltd.,16548,Glienicke/Nordbahn,Deutschland
998,Maier,Tessa,,76709,Kronau,Deutschland
999,Scholz,Emily,,86972,Altenstadt,Deutschland
